prefix,accuracy,precision_pos,recall_pos,f1_pos,roc_auc,pr_auc,tn,fp,fn,tp
Test@0.50,0.67025,0.19226166733147187,0.7355035605289929,0.30483819964161485,0.7495047503241024,0.264488203328342,11959,6075,520,1446
