prefix,accuracy,precision_pos,recall_pos,f1_pos,roc_auc,pr_auc,tn,fp,fn,tp
Validation@0.50,0.6908067542213884,0.20217620217620216,0.743225806451613,0.31788079470198677,0.773634170315432,0.37353309041443766,4947,2273,199,576
Validation@0.40,0.623639774859287,0.177540415704388,0.7935483870967742,0.29016277423920733,0.773634170315432,0.37353309041443766,4371,2849,160,615
Validation@0.30,0.5407129455909944,0.15487252799618775,0.8387096774193549,0.2614641995172969,0.773634170315432,0.37353309041443766,3673,3547,125,650
